{
	"images":{
		"bg_0"        : "img/bg_0.png",
		"bg_1"        : "img/bg_1.svg",
		"bg_2"        : "img/bg_2.svg",
		"bg_3"        : "img/bg_3.svg",
		"build_1"     : "img/build_1.png",
		"build_2"     : "img/build_2.png",
		"build_3"     : "img/build_3.png",
		"bullet_1"    : "img/bullet_1.png",
		"bullet_2"    : "img/bullet_2.png",
		"enemy_1"     : "img/enemy_1.png",
		"enemy_2"     : "img/enemy_2.png",
		"enemy_3"     : "img/enemy_3.png",
		"enemy_4"     : "img/enemy_4.png",
		"enemy_5"     : "img/enemy_5.png",
		"enemy_6"     : "img/enemy_6.png",
		"enemy_b_1"     : "img/enemy_b_1.png",
		"enemy_b_2"     : "img/enemy_b_2.png",
		"enemy_b_3"     : "img/enemy_b_3.png",
		"enemy_b_4"     : "img/enemy_b_4.png",
		"enemy_b_5"     : "img/enemy_b_5.png",
		"enemy_b_6"     : "img/enemy_b_6.png",
		"run_1"       : "img/run_1.png",
		"run_2"       : "img/run_2.png",
		"run_3"       : "img/run_3.png",
		"run_4"       : "img/run_4.png",
		"run_5"       : "img/run_5.png",
		"run_6"       : "img/run_6.png",
		"shot_1"      : "img/shot_1.png",
		"shot_2"      : "img/shot_2.png",
		"shot_3"      : "img/shot_3.png",
		"shot_4"      : "img/shot_4.png",
		"shot_5"      : "img/shot_5.png",
		"shot_6"      : "img/shot_6.png",
		"jump_run_1"  : "img/jump_run_1.png",
		"jump_run_2"  : "img/jump_run_2.png",
		"jump_run_3"  : "img/jump_run_3.png",
		"jump_shot_1" : "img/jump_shot_1.png",
		"jump_shot_2" : "img/jump_shot_2.png",
		"jump_shot_3" : "img/jump_shot_3.png",
		"damage_1"    : "img/damage_1.png",
		"damage_2"    : "img/damage_2.png",
		"danage_3"    : "img/damage_3.png"
	},

	"speed" : 1.0,
	"wait"  : 0,

	"frame" : {
		"line_width" : 0,
		"stroke_style": "white",
		"aspect":2,
		"aspect-memo":"height÷widthの値"
	},
	
	"bg":{
		"direction" : -1,
		"color" : ["#061146","#1c3be1"],
		"layers" : [
			{
				"key": "bg_1",
				"line_width" : 0,
				"stroke_style": "red",
				"height_rate" : 1.0,
				"speed"   : 1,
				"pos" : {
					"x" : 0,
					"y" : 0
				}
			},
			{
				"key": "bg_2",
				"line_width" : 0,
				"stroke_style": "orange",
				"height_rate" : 0.9,
				"speed"   : 2,
				"pos" : {
					"x" : 0,
					"y" : 0
				}
			},
			{
				"key": "bg_3",
				"line_width" : 0,
				"stroke_style": "white",
				"height_rate" : 0.9,
				"speed"   : 3,
				"pos" : {
					"x" : 0,
					"y" : 0
				}
			}
		]
	},

	"build":{
		"speed" : 4,
		"size_rate" : 1.5,
		"height_random" : {
			"min" : 10,
			"max" : 70
		},
		"between_gap_random" : {
			"min" : 20,
			"max" : 40
		},
		"items":[
			{
				"key": "build_1"
			},
			{
				"key": "build_2"
			},
			{
				"key": "build_3"
			}
		]
	},

	"chara":{
		"line_width" : 0,
		"stroke_style": "white",
		"pos_x" : 100,
		"speed" : 7,
		"rate" : 1.0,
		"collision_offset_w" : {
			"min" : 10,
			"max" : 40
		},
		"run":[
			{
				"key" : "run_1"
			},
			{
				"key" : "run_2"
			},
			{
				"key" : "run_3"
			},
			{
				"key" : "run_4"
			},
			{
				"key" : "run_5"
			},
			{
				"key" : "run_6"
			}
		],
		"shot":[
			{
				"key" : "shot_1"
			},
			{
				"key" : "shot_2"
			},
			{
				"key" : "shot_3"
			},
			{
				"key" : "shot_4"
			},
			{
				"key" : "shot_5"
			},
			{
				"key" : "shot_6"
			}
		],
		"jump_run" : [
			{
				"key" : "jump_run_1"
			},
			{
				"key" : "jump_run_2"
			},
			{
				"key" : "jump_run_3"
			}
		],
		"jump_shot" : [
			{
				"key" : "jump_shot_1"
			},
			{
				"key" : "jump_shot_2"
			},
			{
				"key" : "jump_shot_3"
			}
		]
	},

	"shot" :{
		"status" : "bullet_1",
		"pos_y"  : 25,
		"line_width"   : 0,
		"stroke_style" : "white",
		"speed"  : 10,
		"jump_vel" : -100,
		"items" : {
			"bullet_1":{},
			"bullet_2":{}
		},
		"limit_count" : 3
	},

	"enemy" : {
		"items":[
			{
				"speed" : 8,
				"name": "enemy_a",
				"pattern":[
					{
						"key" : "enemy_1"
					},
					{
						"key" : "enemy_2"
					},
					{
						"key" : "enemy_3"
					},
					{
						"key" : "enemy_4"
					},
					{
						"key" : "enemy_5"
					},
					{
						"key" : "enemy_6"
					}
				]
			},
			{
				"speed" : 5,
				"name" : "enely_b",
				"pattern": [
					{
						"key" : "enemy_b_1"
					},
					{
						"key" : "enemy_b_2"
					},
					{
						"key" : "enemy_b_3"
					},
					{
						"key" : "enemy_b_4"
					},
					{
						"key" : "enemy_b_5"
					},
					{
						"key" : "enemy_b_6"
					}
				]
			}
		]
	}
}